bookTitle	bookSeries	bookAuthors	ratingValue	ratingCount	reviewCount	Plot	NumberofPages	Published	Characters	Setting	Url
The Hunger Games	(The Hunger Games #1)	Suzanne Collins	4.33	6408798	172554	Could you survive on your own in the wild, with every one out to make sure you don't live to see the morning?In the ruins of a place once known as North America lies the nation of Panem, a shining Capitol surrounded by twelve outlying districts. The Capitol is harsh and cruel and keeps the districts in line by forcing them all to send one boy and one girl between the ages 	374	September 14th 2008	Katniss Everdeen, Peeta Mellark, Cato (Hunger Games), Primrose Everdeen, Gale Hawthorne, Effie Trinket, Haymitch Abernathy, Cinna, President Coriolanus Snow, Rue, Flavius, Lavinia (Hunger Games), Marvel, Glimmer, Clove, Foxface, Thresh, Greasy Sae, Madge Undersee, Caesar Flickerman, Claudius Templesmith, Octavia (Hunger Games), Portia (hunger Games)	District 12, Panem, Capitol, Panem, Panem	"/book/show/2767052-the-hunger-games
"
Harry Potter and the Order of the Phoenix	(Harry Potter #5)	J.K. Rowling	4.50	2524812	42723	There is a door at the end of a silent corridor. And it’s haunting Harry Pottter’s dreams. Why else would he be waking in the middle of the night, screaming in terror?Harry has a lot on his mind for this, his fifth year at Hogwarts: a Defense Against the Dark Arts teacher with a personality like poisoned honey; a big surprise on the Gryffindor Quidditch team; and the loomi	870	September 2004 by	Sirius Black, Draco Malfoy, Ron Weasley, Petunia Dursley, Vernon Dursley, Dudley Dursley, Severus Snape, Rubeus Hagrid, Lord Voldemort, Minerva McGonagall, Neville Longbottom, Fred Weasley, George Weasley, Percy Weasley, Ginny Weasley, Colin Creevey, Filius Flitwick, Gilderoy Lockhart, Lucius Malfoy, Pomona Sprout, Arthur Weasley, Molly Weasley, Cho Chang, Cornelius Fudge, Remus Lupin, Sybil Trelawney, Stan Shunpike, Bellatrix Lestrange, Alastor Moody, Rita Skeeter, Luna Lovegood, Nymphadora Tonks, Dolores Umbridge, Dobby, Kingsley Shacklebolt, Padma Patil, Parvati Patil, Kreacher, Dean Thomas, Seamus Finnigan, Albus Dumbledore, Harry Potter, Hermione Granger, Lavender Brown	Hogwarts School of Witchcraft and Wizardry, London, England	"/book/show/2.Harry_Potter_and_the_Order_of_the_Phoenix
"
To Kill a Mockingbird	(To Kill a Mockingbird)	Harper Lee	4.28	4527405	91802	The unforgettable novel of a childhood in a sleepy Southern town and the crisis of conscience that rocked it, To Kill A Mockingbird became both an instant bestseller and a critical success when it was first published in 1960. It went on to win the Pulitzer Prize in 1961 and was later made into an Academy Award-winning film, also a classic.Compassionate, dramatic, and deepl	324	May 23rd 2006	Scout Finch, Atticus Finch, Jem Finch, Arthur Radley, Mayella Ewell, Aunt Alexandra, Bob Ewell, Calpurnia (housekeeper), Tom Robinson, Miss Maudie Atkinson, Judge John Taylor, Dill Harris, Heck Tate, Stephanie Crawford	Maycomb, Alabama	"/book/show/2657.To_Kill_a_Mockingbird
"
Pride and Prejudice	NaN	Jane Austen	4.26	3017830	67811	"Alternate cover edition of ISBN 9780679783268Since its immediate success in 1813, Pride and Prejudice has remained one of the most popular novels in the English language. Jane Austen called this brilliant work ""her own darling child"" and its vivacious heroine, Elizabeth Bennet, ""as delightful a creature as ever appeared in print."" The romantic clash between the opinionated"	279	October 10th 2000	Mr. Bennet, Mrs. Bennet, Jane Bennet, Elizabeth Bennet, Mary Bennet, Kitty Bennet, Lydia Bennet, Louisa Hurst, Caroline Bingley, Fitzwilliam Darcy, Georgiana Darcy, Lady Catherine de Bourgh, Anne de Bourgh, Colonel Fitzwilliam, Mr. Gardiner, Mrs. Gardiner, Sir William Lucas, Lady Lucas, Charlotte Lucas, Maria Lucas, Mr. Darcy, Charles Bingley, George Wickham, Mr. William Collins	United Kingdom, Derbyshire, England, England, Hertfordshire, England	"/book/show/1885.Pride_and_Prejudice
"
Twilight	(The Twilight Saga #1)	Stephenie Meyer	3.60	4989910	104912	About three things I was absolutely positive.First, Edward was a vampire.Second, there was a part of him—and I didn't know how dominant that part might be—that thirsted for my blood.And third, I was unconditionally and irrevocably in love with him.Deeply seductive and extraordinarily suspenseful, Twilight is a love story with bite.	501	September 6th 2006	Edward Cullen, Jacob Black, Laurent, Renee, Bella Swan, Billy Black, Esme Cullen, Alice Cullen, Jasper Hale, Carlisle Cullen, Emmett Cullen, Rosalie Hale, Charlie Swan, Mike Newton, Jessica Stanley, Angela Weber, Tyler Crowley	Forks, Washington, Phoenix, Arizona, Washington (state)	"/book/show/41865.Twilight
"
The Book Thief	NaN	Markus Zusak	4.37	1845825	113516	Librarian's note: An alternate cover edition can be found hereIt is 1939. Nazi Germany. The country is holding its breath. Death has never been busier, and will be busier still.By her brother's graveside, Liesel's life is changed when she picks up a single object, partially hidden in the snow. It is The Gravedigger's Handbook, left behind there by accident, and it is her f	552	March 14th 2006	Liesel Meminger, Hans Hubermann, Rudy Steiner, Rosa Hubermann, Max Vandenburg, Tommy Müller, Ilsa Hermann, Frau Holtzapfel	Molching, Germany	"/book/show/19063.The_Book_Thief
"
Animal Farm	NaN	George Orwell	3.95	2758502	56734	Librarian's note: There is an Alternate Cover Edition for this edition of this book here.A farm is taken over by its overworked, mistreated animals. With flaming idealism and stirring slogans, they set out to create a paradise of progress, justice, and equality. Thus the stage is set for one of the most telling satiric fables ever penned –a razor-edged fairy tale for grown	141	April 1996 by	Snowball, Napoleon, Clover, Boxer, Old Major, Muriel, Jones, Squealer, Moses the Raven, Benjamin	England, United Kingdom	"/book/show/170448.Animal_Farm
"
The Chronicles of Narnia	(The Chronicles of Narnia (Publication Order) #1–7)	C.S. Lewis	4.26	521768	10404	Journeys to the end of the world, fantastic creatures, and epic battles between good and evil—what more could any reader ask for in one book? The book that has it all is The Lion, the Witch and the Wardrobe, written in 1949 by Clive Staples Lewis. But Lewis did not stop there. Six more books followed, and together they became known as The Chronicles of Narnia.For the past 	767	September 16th 2002	Polly, Aslan, Lucy Pevensie, Edmund Pevensie, Eustace Scrubb, Prince Caspian, Jill Pole, Prince Rilian, Puddleglum, Trumpkin, Jewel, Aravis, Mr. Tumnus, Puzzle, King Tirian, Digory Kirke, Peter Pevensie, Susan Pevensie, Reepicheep, Jadis, Bacchus (god), Mr. & Mrs. Beaver, Andrew Kirke, Shasta, Silenus, Nikabrik, King Miraz, Dr. Cornelius, Trufflehunter, Shift	London, England	"/book/show/11127.The_Chronicles_of_Narnia
"
J.R.R. Tolkien 4-Book Boxed Set: The Hobbit and The Lord of the Rings	(The Lord of the Rings #0-3)	J.R.R. Tolkien	4.60	110816	1789	This four-volume, boxed set contains J.R.R. Tolkien's epic masterworks The Hobbit and the three volumes of The Lord of the Rings (The Fellowship of the Ring, The Two Towers, and The Return of the King).In The Hobbit, Bilbo Baggins is whisked away from his comfortable, unambitious life in Hobbiton by the wizard Gandalf and a company of dwarves. He finds himself caught up in	1728	September 25th 2012	Frodo Baggins, Gandalf, Bilbo Baggins, Gollum	Middle-earth	"/book/show/30.J_R_R_Tolkien_4_Book_Boxed_Set
"
The Fault in Our Stars	NaN	John Green	4.20	3572945	155821	Despite the tumor-shrinking medical miracle that has bought her a few years, Hazel has never been anything but terminal, her final chapter inscribed upon diagnosis. But when a gorgeous plot twist named Augustus Waters suddenly appears at Cancer Kid Support Group, Hazel's story is about to be completely rewritten.Insightful, bold, irreverent, and raw, The Fault in Our Stars	313	January 10th 2012	Hazel Grace Lancaster, Augustus Waters, Isaac	Indianapolis, Indiana, Amsterdam	"/book/show/11870085-the-fault-in-our-stars
"
Gone with the Wind	NaN	Margaret Mitchell	4.30	1078522	19900	Scarlett O'Hara, the beautiful, spoiled daughter of a well-to-do Georgia plantation owner, must use every means at her disposal to claw her way out of the poverty she finds herself in after Sherman's March to the Sea.	1037	April 1st 1999	"Scarlett O'Hara, Rhett Butler, Ashley Wilkes, Melanie Hamilton Wilkes, Wade Hampton Hamilton, Ella Lorena Kennedy, Eugenie Victoria ""Bonnie Blue"" Butler, Beau Wilkes, India Wilkes, Honey Wilkes, John  Wilkes, Gerald O'Hara, Ellen O'Hara, Suellen O'Hara, Carreen O'Hara, Eulalie, Pauline, Mammy Abigail, Prissy, Pork, Dilcey, Charles Hamilton, Frank Kennedy, Belle Watling, Jonas Wilkerson, Emmie Slattery, Will Benteen, Aunt Pittypat Hamilton, Uncle Peter"	Atlanta, Georgia	"/book/show/18405.Gone_with_the_Wind
"
The Hitchhiker's Guide to the Galaxy	(The Hitchhiker's Guide to the Galaxy #1)	Douglas Adams	4.22	1445856	30373	Seconds before the Earth is demolished to make way for a galactic freeway, Arthur Dent is plucked off the planet by his friend Ford Prefect, a researcher for the revised edition of The Hitchhiker's Guide to the Galaxy who, for the last fifteen years, has been posing as an out-of-work actor.Together this dynamic pair begin a journey through space aided by quotes from The Hi	193	June 23rd 2007	Zaphod Beeblebrox, Arthur Dent, Ford Prefect, Trillian, Marvin, the paranoid android, Slartibartifast	NaN	"/book/show/386162.The_Hitchhiker_s_Guide_to_the_Galaxy
"
The Giving Tree	NaN	Shel Silverstein	4.37	910676	17900	"""Once there was a tree...and she loved a little boy.""So begins a story of unforgettable perception, beautifully written and illustrated by the gifted and versatile Shel Silverstein.Every day the boy would come to the tree to eat her apples, swing from her branches, or slide down her trunk...and the tree was happy. But as the boy grew older he began to want more from the tr"	64	October 7th 1964	NaN	NaN	"/book/show/370493.The_Giving_Tree
"
Wuthering Heights	NaN	Emily Brontë	3.86	1349912	37540	You can find the redesigned cover of this edition HERE.This best-selling Norton Critical Edition is based on the 1847 first edition of the novel. For the Fourth Edition, the editor has collated the 1847 text with several modern editions and has corrected a number of variants, including accidentals. The text is accompanied by entirely new explanatory annotations.New to the 	464	2002 by Norton	Heathcliff, Catherine Earnshaw, Edgar Linton, Isabella Linton, Hindley Earnshaw, Ellen (Nelly) Dean, Mr. Lockwood, Hareton Earnshaw, Catherine Linton, Linton Heathcliff	Yorkshire Dales, England	"/book/show/6185.Wuthering_Heights
"
The Da Vinci Code	(Robert Langdon #2)	Dan Brown	3.86	1943314	47310	ISBN 9780307277671 moved to this edition.While in Paris, Harvard symbologist Robert Langdon is awakened by a phone call in the dead of the night. The elderly curator of the Louvre has been murdered inside the museum, his body covered in baffling symbols. As Langdon and gifted French cryptologist Sophie Neveu sort through the bizarre riddles, they are stunned to discover a 	489	March 28th 2006	Sophie Neveu, Robert Langdon, Sir Leigh Teabing, Silas (The Da Vinci Code), Bezu Fache, Jerome Collet, Manuel Aringarosa, Rémy Legaludec, André Vernet	Paris, London, England, France, England, United Kingdom	"/book/show/968.The_Da_Vinci_Code
"
The Picture of Dorian Gray	NaN	Oscar Wilde	4.08	973245	31109	Written in his distinctively dazzling manner, Oscar Wilde’s story of a fashionable young man who sells his soul for eternal youth and beauty is the author’s most popular work. The tale of Dorian Gray’s moral disintegration caused a scandal when it ﬁrst appeared in 1890, but though Wilde was attacked for the novel’s corrupting inﬂuence, he responded that there is, in fact, 	272	June 1st 2004	Basil Hallward, Lord Henry Wotton, Sibyl Vane, James Vane, Lady Victoria Wotton, Alan Campbell, Henry Ashton, Adrian Singleton, Lord Staveley, Lady Gwendolen, Lady Narborough, Duchess of Monmouth, Dorian Gray	England, England	"/book/show/5297.The_Picture_of_Dorian_Gray
"
Memoirs of a Geisha	NaN	Arthur Golden	4.12	1723639	30188	A literary sensation and runaway bestseller, this brilliant debut novel presents with seamless authenticity and exquisite lyricism the true confessions of one of Japan's most celebrated geisha.In Memoirs of a Geisha, we enter a world where appearances are paramount; where a girl's virginity is auctioned to the highest bidder; where women are trained to beguile the most pow	503	November 22nd 2005	Sayuri Nitta, Mr. Bekku, Ichiro Tanaka, Dr. Crab, Hatsumono, Mameha, Ken Iwamura, Pumpkin, Toshikazu Nobu	Kyoto, Japan	"/book/show/929.Memoirs_of_a_Geisha
"
Alice's Adventures in Wonderland / Through the Looking-Glass	(Alice's Adventures in Wonderland #1-2)	Lewis Carroll	4.06	461478	10683	"""I can't explain myself, I'm afraid, sir,"" said Alice, ""Because I'm not myself, you see.""When Alice sees a white rabbit take a watch out of its waistcoat pocket she decides to follow it, and a sequence of most unusual events is set in motion. This mini book contains the entire topsy-turvy stories of Alice's Adventures in Wonderland and Through the Looking-Glass, accompanie"	239	December 1st 2000	The Hatter (Lewis Carroll), The Queen of Hearts (Lewis Carroll), The Cheshire Cat (Lewis Carroll), The White Rabbit (Lewis Carroll), Humpty Dumpty (Lewis Carroll), Tweedledum and Tweedledee (Lewis Carroll), The Dormouse (Lewis Carroll), The Red Queen (Lewis Carroll), The White Queen (Lewis Carroll), The White Knight (Lewis Carroll), The Mock Turtle (Lewis Carroll), The Jabberwock (Lewis Carroll), The Caterpillar (Lewis Carroll), Alice (Lewis Carroll), Dinah (Lewis Carroll), The March Hare (Lewis Carroll)	United Kingdom, England, Wonderland	"/book/show/24213.Alice_s_Adventures_in_Wonderland_Through_the_Looking_Glass
"
Jane Eyre	NaN	Charlotte Brontë	4.13	1633034	42597	Orphaned as a child, Jane has felt an outcast her whole young life. Her courage is tested once again when she arrives at Thornfield Hall, where she has been hired by the brooding, proud Edward Rochester to care for his ward Adèle. Jane finds herself drawn to his troubled yet kind spirit. She falls in love. Hard. But there is a terrifying secret inside the gloomy, forbiddin	532	February 4th 2003	Jane Eyre, Bertha Mason, Grace Poole, Blanche Ingram, Adele Varens, St. John Rivers, Helen Burns, Richard Mason, Diana Rivers, Mary Rivers, Maria Temple, Robert Brocklehurst, Sarah Reed, Georgiana Reed, Eliza Reed, Bessie Lee, Alice Fairfax, Rosamond Oliver, Edward Rochester, John Eyre, Celine Varens	Thornfield, England	"/book/show/10210.Jane_Eyre
"
Les Misérables	NaN	Victor Hugo	4.18	685605	17614	Victor Hugo's tale of injustice, heroism and love follows the fortunes of Jean Valjean, an escaped convict determined to put his criminal past behind him. But his attempts to become a respected member of the community are constantly put under threat: by his own conscience, when, owing to a case of mistaken identity, another man is arrested in his place; and by the relentle	1463	March 3rd 1987	Jean Valjean, Javert, Cosette, Fantine, Bishop Myriel, M. & Mme. Thénardier, Marius Pontmercy, Enjolras, Éponine, Gavroche, Azelma, Champmathieu, Fauchelevent, Grantaire, Mademoiselle Gillenorman, Felix Tholomyès, Toussaint, Combeferre, Jean Valjean, Javert, Fantine, Cosette, Marius Pontmercy, Jean Valjean, Police Inspector Javert, Cosette, Fantine, Marius Pontmercy, Éponine, Enjolras, Gavroche, Bishop of Digne, Grantaire, Bahorel, Bossuet	Paris	"/book/show/24280.Les_Mis_rables
"
Fahrenheit 451	NaN	Ray Bradbury	3.99	1691343	48394	Guy Montag is a fireman. In his world, where television rules and literature is on the brink of extinction, firemen start fires rather than put them out. His job is to destroy the most illegal of commodities, the printed book, along with the houses in which they are hidden.Montag never questions the destruction and ruin his actions produce, returning each day to his bland 	194	November 29th 2011	Guy Montag, Norman Corwin, Clarisse McClellan, Mildred Montag, Captain Beatty, Professor Faber	NaN	"/book/show/13079982-fahrenheit-451
"
Divergent	(Divergent #1)	Veronica Roth	4.19	2923913	108438	In Beatrice Prior's dystopian Chicago world, society is divided into five factions, each dedicated to the cultivation of a particular virtue—Candor (the honest), Abnegation (the selfless), Dauntless (the brave), Amity (the peaceful), and Erudite (the intelligent). On an appointed day of every year, all sixteen-year-olds must select the faction to which they will devote the	487	February 28th 2012	Albert, Drew Leighton (Divergent), Eric (Divergent), Beatrice Prior, Peter, Caleb Prior, Natalie Prior, Molly Atwood, Christina, Jeanine Matthews, Marcus Eaton, Tobias Eaton	Chicago, Illinois	"/book/show/13335037-divergent
"
Lord of the Flies	To the Ends of the Earth	William Golding	3.69	2273735	37817	At the dawn of the next world war, a plane crashes on an uncharted island, stranding a group of schoolboys. At first, with no adult supervision, their freedom is something to celebrate; this far from civilization the boys can do anything they want. Anything. They attempt to forge their own society, failing, however, in the face of terror, sin and evil. And as order collaps	182	October 1st 1999	Ralph, Piggy, Roger, Jack Merridew, Simon	NaN	"/book/show/7624.Lord_of_the_Flies
"
Romeo and Juliet	NaN	William Shakespeare	3.75	2063462	19454	In Romeo and Juliet, Shakespeare creates a violent world, in which two young people fall in love. It is not simply that their families disapprove; the Montagues and the Capulets are engaged in a blood feud.In this death-filled setting, the movement from love at first sight to the lovers’ final union in death seems almost inevitable. And yet, this play set in an extraordina	301	January 1st 2004	Tybalt, Friar Lawrence, Paris, Escalus, Montague, Lady Montague, Abram, Balthasar, Capulet, Lady Capulet, Sampson, Friar John, Mercutio, Benvolio, Romeo, Juliet	Verona, Italy	"/book/show/18135.Romeo_and_Juliet
"
The Alchemist	NaN	Paulo Coelho	3.88	2120767	81139	Paulo Coelho's enchanting novel has inspired a devoted following around the world. This story, dazzling in its powerful simplicity and soul-stirring wisdom, is about an Andalusian shepherd boy named Santiago who travels from his homeland in Spain to the Egyptian desert in search of a treasure buried near the Pyramids. Along the way he meets a Gypsy woman, a man who calls h	182	April 15th 2014	Santiago, Alchemist, Melchizedek	Egypt, Sahara Desert, Tangier, Andalusia	"/book/show/18144590-the-alchemist
"
The Perks of Being a Wallflower	NaN	Stephen Chbosky	4.20	1256473	57981	standing on the fringes of life...offers a unique perspective. But there comes a time to seewhat it looks like from the dance floor.This haunting novel about the dilemma of passivity vs. passion marks the stunning debut of a provocative new voice in contemporary fiction: The Perks of Being A WALLFLOWERThis is the story of what it's like to grow up in high school. More inti	213	February 1999 by	Bill, Patrick Grogan, Charlie Scorsoni (A is for Alibi), Sam Turner, Michael Dobson, Mary-Elizabeth, Candace Grogan	Pittsburgh, Pennsylvania	"/book/show/22628.The_Perks_of_Being_a_Wallflower
"
Crime and Punishment	NaN	Fyodor Dostoyevsky	4.22	631362	19397	Raskolnikov, a destitute and desperate former student, wanders through the slums of St Petersburg and commits a random murder without remorse or regret. He imagines himself to be a great man, a Napoleon: acting for a higher purpose beyond conventional moral law. But as he embarks on a dangerous game of cat and mouse with a suspicious police investigator, Raskolnikov is pur	671	December 31st 2002	Rodion Romanovich Raskolnikov, Porfiry Petrovich, Sofia Semyonovna Marmeladova, Avdotya Romanovna Raskolnikova, Arkady Ivanovich Svidrigailov, Dmitri Prokofich Razumikhin, Katerina Ivanovna Marmeladova, Pyotr Petrovich Luzhin, Pulcheria Alexandrovna Raskolnikov, Semyon Zakharovich Marmeladov, Andrei Semyonovich Lebezyatnikov, Alyona Ivanovna, Lizaveta Ivanovna, Zossimov, Nastasya Petrovna (“Nastenka,” “Nastasyushka”), Ilya Petrovich (“Gunpowder”), Alexander Grigorievich Zamyotov, Nikolai Dementiev (“Mikolka”), Polina Mikhailovna Marmeladov (“Polya,” “Polenka,” “Polechka”)	Russian Empire, Saint Petersburg, Russian Empire, Siberia	"/book/show/7144.Crime_and_Punishment
"
The Great Gatsby	NaN	F. Scott Fitzgerald	3.92	3795957	67540	Alternate Cover Edition ISBN: 0743273567 (ISBN13: 9780743273565)The Great Gatsby, F. Scott Fitzgerald's third book, stands as the supreme achievement of his career. This exemplary novel of the Jazz Age has been acclaimed by generations of readers. The story is of the fabulously wealthy Jay Gatsby and his new love for the beautiful Daisy Buchanan, of lavish parties on Long 	200	September 2004 by	Nick Carraway, Jay Gatsby, Daisy Buchanan, Tom Buchanan, Jordan Baker, Myrtle Wilson, Meyer Wolfsheim, George Wilson	New York City, New York, New York State, Long Island, New York	"/book/show/4671.The_Great_Gatsby
"
City of Bones	(The Mortal Instruments #1)	Cassandra Clare	4.10	1626360	62113	When fifteen-year-old Clary Fray heads out to the Pandemonium Club in New York City, she hardly expects to witness a murder― much less a murder committed by three teenagers covered with strange tattoos and brandishing bizarre weapons. Then the body disappears into thin air. It's hard to call the police when the murderers are invisible to everyone else and when there is not	485	March 27th 2007	"Alexander ""Alec"" Lightwood, Jonathan ""Jace"" Wayland, Valentine Morgenstern, Isabelle ""Izzy"" Sophia Lightwood, Magnus Bane, Jocelyn Fray, Luke Garroway, Clarissa ""Clary"" Fray, Simon Lewis"	New York City, New York	"/book/show/256683.City_of_Bones
"
Ender's Game	(Ender's Saga #1)	Orson Scott Card	4.30	1137808	43426	"Andrew ""Ender"" Wiggin thinks he is playing computer simulated war games; he is, in fact, engaged in something far more desperate. The result of genetic experimentation, Ender may be the military genius Earth desperately needs in a war against an alien enemy seeking to destroy all human life. The only way to find out is to throw Ender into ever harsher training, to chip awa"	324	September 30th 2004	"Dink, Bernard, Valentine Wiggin, Peter Wiggin, Mazer Rackham, Alai, Hyrum Graff, Andrew Wiggin, Petra Arkanian, ""Bean"", Major Anderson, Bonzo, Major Imbu"	NaN	"/book/show/375802.Ender_s_Game
"
The Help	NaN	Kathryn Stockett	4.46	2175975	84829	Librarian's note: An alternate cover edition can be found hereThree ordinary women are about to take one extraordinary step.Twenty-two-year-old Skeeter has just returned home after graduating from Ole Miss. She may have a degree, but it is 1962, Mississippi, and her mother will not be happy till Skeeter has a ring on her finger. Skeeter would normally find solace with her 	451	February 10th 2009	Constantine Bates, Eugenia “Skeeter” Phelan, Aibileen Clark, Minny Jackson, Hilly Holbrook, Elizabeth Leefolt, Celia Foote, Stuart Whitworth, Mae Mobley Leefolt, Leroy Jackson, Elaine Stein, Yule May Crookle, Johnny Foote, William Holbrook, Senator “Stoolie” Whitworth, Pascagoula, Treelore Clark	Jackson, Mississippi, Jackson, Mississippi, Mississippi	"/book/show/4667024-the-help
"
Harry Potter and the Sorcerer's Stone	(Harry Potter #1)	J.K. Rowling	4.47	7097737	113066	Harry Potter's life is miserable. His parents are dead and he's stuck with his heartless relatives, who force him to live in a tiny closet under the stairs. But his fortune changes when he receives a letter that tells him the truth about himself: he's a wizard. A mysterious visitor rescues him from his relatives and takes him to his new home, Hogwarts School of Witchcraft 	309	November 1st 2003	Draco Malfoy, Ron Weasley, Petunia Dursley, Vernon Dursley, Dudley Dursley, Severus Snape, Quirinus Quirrell, Rubeus Hagrid, Lord Voldemort, Minerva McGonagall, Neville Longbottom, Fred Weasley, George Weasley, Percy Weasley, Filius Flitwick, Pomona Sprout, Molly Weasley, Poppy Pomfrey, Oliver Wood, Parvati Patil, Dean Thomas, James Potter, Lily Potter, Seamus Finnigan, Garrick Ollivander, Rolanda Hooch, Katie Bell, Albus Dumbledore, Dedalus Diggle, Harry Potter, Hermione Granger, Lavender Brown	London, England, Hogwarts School of Witchcraft and Wizardry, Hogwarts School of Witchcraft and Wizardry	"/book/show/3.Harry_Potter_and_the_Sorcerer_s_Stone
"
Anne of Green Gables	(Anne of Green Gables #1)	L.M. Montgomery	4.26	732708	23187	As soon as Anne Shirley arrives at the snug white farmhouse called Green Gables, she is sure she wants to stay forever . . . but will the Cuthberts send her back to to the orphanage? Anne knows she's not what they expected—a skinny girl with fiery red hair and a temper to match. If only she can convince them to let her stay, she'll try very hard not to keep rushing headlon	320	May 6th 2003	Marilla Cuthbert, Matthew Cuthbert, Diana Barry, Gilbert Blythe, Rachel Lynde, Anne Shirley, Jane Andrews, Ruby Gillis, Josie Pye, Prissy Andrews, Mr. Phillips, Mrs. Allan	Avonlea, Prince Edward Island, Prince Edward Island	"/book/show/8127.Anne_of_Green_Gables
"
The Little Prince	NaN	Antoine de Saint-Exupéry	4.31	1376236	40103	A PBS Great American Read Top 100 PickFew stories are as widely read and as universally cherished by children and adults alike as The Little Prince. Richard Howard's translation of the beloved classic beautifully reflects Saint-Exupéry's unique and gifted style. Howard, an acclaimed poet and one of the preeminent translators of our time, has excelled in bringing the Englis	93	June 29th 2000	Le Petit Prince, La rose, Le renard	NaN	"/book/show/157993.The_Little_Prince
"
Charlotte's Web	NaN	E.B. White	4.18	1426000	18247	"This beloved book by E. B. White, author of Stuart Little and The Trumpet of the Swan, is a classic of children's literature that is ""just about perfect."" This high-quality paperback features vibrant illustrations colorized by Rosemary Wells!Some Pig. Humble. Radiant. These are the words in Charlotte's Web, high up in Zuckerman's barn. Charlotte's spiderweb tells of her fe"	184	October 1st 2001	Fern, Avery, Charlotte, Wilbur, Templeton	United States of America	"/book/show/24178.Charlotte_s_Web
"
Of Mice and Men	NaN	John Steinbeck	3.88	1951037	34454	The compelling story of two outsiders striving to find their place in an unforgiving world. Drifters in search of work, George and his simple-minded friend Lennie have nothing in the world except each other and a dream -- a dream that one day they will have some land of their own. Eventually they find work on a ranch in California’s Salinas Valley, but their hopes are doom	103	January 8th 2002	George Milton, Lennie Small, Candy, Curley, Curley's Wife, Slim, Crooks, Whit, Carlson	Salinas Valley, California, California	"/book/show/890.Of_Mice_and_Men
"
The Time Traveler's Wife	NaN	Audrey Niffenegger	3.98	1579991	47379	A funny, often poignant tale of boy meets girl with a twist: what if one of them couldn't stop slipping in and out of time? Highly original and imaginative, this debut novel raises questions about life, love, and the effects of time on relationships.Audrey Niffenegger’s innovative debut, The Time Traveler’s Wife, is the story of Clare, a beautiful art student, and Henry, a	500	September 23rd 2013	Henry DeTamble, Clare Abshire, Gomez, Charisse, Richard DeTamble, Alicia Abshire, Mark Abshire, Philip Abshire, Lucille Abshire, Mrs. Kim, Alba DeTamble, Ingrid Carmichael, Celia Attley, Dr. David Kendrick	Chicago, Illinois, Illinois	"/book/show/18619684-the-time-traveler-s-wife
"
Dracula	(Dracula #1)	Bram Stoker	4.00	946524	26619	"You can find an alternative cover edition for this ISBN here and here.A rich selection of background and source materials is provided in three areas: Contexts includes probable inspirations for Dracula in the earlier works of James Malcolm Rymer and Emily Gerard. Also included are a discussion of Stoker's working notes for the novel and ""Dracula's Guest,"" the original open"	488	May 12th 1986	Jonathan Harker, Lucy Westenra, Abraham Van Helsing, John Seward, Quincey Morris, Arthur Holmwood (later Lord Godalming), R.M. Renfield, Mina Harker, Quincey Harker, Peter Hawkins, Samuel F. Billington, Herr Leutner, Mr. Swales, Mr. Westenra, Mrs. Westenra, Lord Godalming (elder), Patrick Hennessey, Thomas Bilder, Sister Agatha (Dracula), Dr. Vincent, Thomas Snelling, Joseph Smollett, Sam Bloxam, Billington Junior, Attendant Hardy, Captain of the Demeter, Abramoff (Demeter Crew), Olgaren (Demeter Crew), Mate of the Demeter (Roumanian), Second Mate of the Demeter, Rufus Smith, Mr. Mackenzie, Mr. Steinkoff, Captain Donelson, Immanuel Hildesheim, Petrof Skinsky, Lady Godalming, Mrs. Seward, Dracula	Transylvania, Budapest, Whitby, Yorkshire, England, London, England	"/book/show/17245.Dracula
"
Brave New World	NaN	Aldous Huxley	3.99	1449098	30771	Brave New World is a dystopian novel by English author Aldous Huxley, written in 1931 and published in 1932. Largely set in a futuristic World State, inhabited by genetically modified citizens and an intelligence-based social hierarchy, the novel anticipates huge scientific advancements in reproductive technology, sleep-learning, psychological manipulation and classical co	288	September 1st 1998	John (Brave New World), Bernard Marx, Lenina Crowne, Helmholtz Watson, Mustapha Mond, The Warden, Pope, Linda (Brave New World), Fanny Crowne, The Director, The Arch-Community Songster	New Mexico, London, England	"/book/show/5129.Brave_New_World
"
One Hundred Years of Solitude	NaN	Gabriel García Márquez	4.08	757951	30904	"The brilliant, bestselling, landmark novel that tells the story of the Buendia family, and chronicles the irreconcilable conflict between the desire for solitude and the need for love—in rich, imaginative prose that has come to define an entire genre known as ""magical realism."""	417	June 24th 2003	Úrsula Iguarán, Remedios Moscote, Remedios, la bella, Fernanda del Carpio, Aureliano Buendía, José Arcadio Buendía, Amaranta Buendía, Amaranta Úrsula Buendía, Aureliano Babilonia, José Arcadio Segundo, Aureliano Segundo, Aureliano José, Pilar Ternera, Rebeca Buendía, Santa Sofía de la Piedad, Arcadio Buendía, José Arcadio Buendía, hijo, Meme Buendía, Petra Cotes, Pietro Crespi, Melquiades	Macondo	"/book/show/320.One_Hundred_Years_of_Solitude
"
The Catcher in the Rye	NaN	J.D. Salinger	3.81	2749350	57854	The hero-narrator of The Catcher in the Rye is an ancient child of sixteen, a native New Yorker named Holden Caulfield. Through circumstances that tend to preclude adult, secondhand description, he leaves his prep school in Pennsylvania and goes underground in New York City for three days. The boy himself is at once too simple and too complex for us to make any final comme	277	January 30th 2001	Holden Caulfield, Robert Ackley, Stradlater, Phoebe Caulfield, Allie Caulfield, D.B Caulfield, Sally Hayes, Holden Caufield, Robert Ackley, Stradlater, Phoebe Caulfield, Allie Caulfield, D.B Caulfield, Sally Hayes	New York City, New York, Agerstown, Pennsylvania	"/book/show/5107.The_Catcher_in_the_Rye
"
The Princess Bride	NaN	William Goldman	4.26	783371	20384	What happens when the most beautiful girl in the world marries the handsomest prince of all time and he turns out to be...well...a lot less than the man of her dreams?As a boy, William Goldman claims, he loved to hear his father read the S. Morgenstern classic, The Princess Bride. But as a grown-up he discovered that the boring parts were left out of good old Dad's recitat	456	July 15th 2003	Buttercup, Westley, Prince Humperdinck, Inigo Montoya, Fezzik, Vizzini, Count Rugen, Miracle Max, The Dread Pirate Roberts, Ty Cobb	NaN	"/book/show/21787.The_Princess_Bride
"
The Lightning Thief	(Percy Jackson and the Olympians #1)	Rick Riordan	4.26	2006894	61361	Alternate cover for this ISBN can be found herePercy Jackson is a good kid, but he can't seem to focus on his schoolwork or control his temper. And lately, being away at boarding school is only getting worse - Percy could have sworn his pre-algebra teacher turned into a monster and tried to kill him. When Percy's mom finds out, she knows it's time that he knew the truth ab	375	March 1st 2006	Annabeth Chase, Grover Underwood, Luke Castellan, Zeus (God), Dionysus (mythology), Ares (god), Hades, Poseidon (God), Chiron, Percy Jackson	New York City, New York, Montauk, New York, New Jersey, St. Louis, Missouri, Las Vegas, Nevada, Long Island, New York	"/book/show/28187.The_Lightning_Thief
"
The Secret Garden	NaN	Frances Hodgson Burnett	4.13	897062	18980	"""One of the most delightful and enduring classics of children's literature, The Secret Garden by Victorian author Frances Hodgson Burnett has remained a firm favorite with children the world over ever since it made its first appearance. Initially published as a serial story in 1910 in The American Magazine, it was brought out in novel form in 1911.  The plot centers round "	331	September 1st 1998	Mary Lennox, Colin Craven, Dickon Sowerby, Martha Sowerby, Ben Weatherstaff, Archibald Craven, Susan Sowerby, Mrs. Medlock, Dr. Craven	Yorkshire, England, England, United Kingdom	"/book/show/2998.The_Secret_Garden
"
A Thousand Splendid Suns	NaN	Khaled Hosseini	4.38	1158352	54509	A Thousand Splendid Suns is a breathtaking story set against the volatile events of Afghanistan's last thirty years—from the Soviet invasion to the reign of the Taliban to post-Taliban rebuilding—that puts the violence, fear, hope, and faith of this country in intimate, human terms. It is a tale of two generations of characters brought jarringly together by the tragic swee	372	June 1st 2007	Laila, Mariam, Rasheed, Tariq	Afghanistan, Kabul, Herat	"/book/show/128029.A_Thousand_Splendid_Suns
"
A Game of Thrones	(A Song of Ice and Fire #1)	George R.R. Martin	4.45	2013250	54638	Here is the first volume in George R. R. Martin’s magnificent cycle of novels that includes A Clash of Kings and A Storm of Swords. As a whole, this series comprises a genuine masterpiece of modern fantasy, bringing together the best the genre has to offer. Magic, mystery, intrigue, romance, and adventure fill these pages and transport us to a world unlike any we have ever	835	August 2005 by	Brandon Stark, Catelyn Stark, Tyrion Lannister, Daenerys Targaryen, Eddard Stark, Theon Greyjoy, Robb Stark, Arya Stark, Jaime Lannister, Joffrey Baratheon, Robert Baratheon, Tywin Lannister, Lysa Arryn, Petyr Baelish, Sansa Stark, Viserys Targaryen, Varys, Hodor, Beric Dondarrion, Thoros of Myr, Sandor Clegane, Samwell Tarly, Pyp, Tommen Baratheon, Stannis Baratheon, Grenn, Mace Tyrell, Septa Mordane, Jon Snow, Cersei Lannister, Jorah Mormont	The Lands of Ice and Fire	"/book/show/13496.A_Game_of_Thrones
"
A Wrinkle in Time	(Time Quintet #1)	Madeleine L'Engle	4.00	1055885	34026	It was a dark and stormy night.Out of this wild night, a strange visitor comes to the Murry house and beckons Meg, her brother Charles Wallace, and their friend Calvin O'Keefe on a most dangerous and extraordinary adventure—one that will threaten their lives and our universe.Winner of the 1963 Newbery Medal, A Wrinkle in Time is the first book in Madeleine L'Engle's classi	218	November 7th 2017	Meg Murry, Charles Wallace Murry, Calvin O'Keefe, Dr. Kate Murry, Sandy Murry, Dennys Murry, Mrs. Whatsit, Mrs. Who, Mrs. Which	NaN	"/book/show/33574273-a-wrinkle-in-time
"
The Adventures of Huckleberry Finn	(Adventures of Tom and Huck #2)	Mark Twain	3.82	1155205	15607	A nineteenth-century boy from a Mississippi River town recounts his adventures as he travels down the river with a runaway slave, encountering a family involved in a feud, two scoundrels pretending to be royalty, and Tom Sawyer's aunt who mistakes him for Tom.	327	December 31st 2002	Huckleberry Finn, Tom Sawyer, Jim Upton, Mark Twain, Tom Sawyer, Jim Upton	United States of America, St. Petersburg, Missouri, Hannibal, Missouri, Missouri, Mississippi River	"/book/show/2956.The_Adventures_of_Huckleberry_Finn
"
The Outsiders	NaN	S.E. Hinton	4.10	944249	33487	"The Outsiders is about two weeks in the life of a 14-year-old boy. The novel tells the story of Ponyboy Curtis and his struggles with right and wrong in a society in which he believes that he is an outsider. According to Ponyboy, there are two kinds of people in the world: greasers and socs. A soc (short for ""social"") has money, can get away with just about anything, and h"	192	September 1st 1997	"Ponyboy Curtis, Sodapop Curtis, Darrel ""Darry"" Curtis, Dallas ""Dally"" Winston, Johnny Cade, Keith ""Two-Bit"" Matthews, Steve Randle, Sherri ""Cherry"" Valance, Curly Shepard, Tim Shepard"	Tulsa, Oklahoma	"/book/show/231804.The_Outsiders
"
The Lovely Bones	NaN	Alice Sebold	3.82	2022240	40585	"""My name was Salmon, like the fish; first name, Susie. I was fourteen when I was murdered on December 6, 1973.""So begins the story of Susie Salmon, who is adjusting to her new home in heaven, a place that is not at all what she expected, even as she is watching life on earth continue without her -- her friends trading rumors about her disappearance, her killer trying to co"	372	September 1st 2006	Susie Salmon, Clarissa, Holly, Jack Salmon, Abigail Salmon, Lindsey Salmon, Buckley Salmon, George Harvey	Philadelphia, Pennsylvania, Pennsylvania, United States of America	"/book/show/12232938-the-lovely-bones
"
Where the Wild Things Are	NaN	Maurice Sendak	4.22	821382	11875	Max, a wild and naughty boy, is sent to bed without his supper by his exhausted mother. In his room, he imagines sailing far away to a land of Wild Things. Instead of eating him, the Wild Things make Max their king.	37	2000 by Red	Max Cannon	NaN	"/book/show/19543.Where_the_Wild_Things_Are
"
Green Eggs and Ham	NaN	Dr. Seuss	4.30	620726	9461	“Do you like green eggs and ham?” asks Sam-I-am in this Beginner Book by Dr. Seuss. In a house or with a mouse? In a boat or with a goat? On a train or in a tree? Sam keeps asking persistently. With unmistakable characters and signature rhymes, Dr. Seuss’s beloved favorite has cemented its place as a children’s classic. In this most famous of cumulative tales, the list of 	62	1988 by Random	Sam-I-Am	NaN	"/book/show/23772.Green_Eggs_and_Ham
"
The Odyssey	NaN	Homer	3.77	865085	12384	"Sing to me of the man, Muse, the man of twists and turnsdriven time and again off course, once he had plunderedthe hallowed heights of Troy.So begins Robert Fagles' magnificent translation of the Odyssey, which Jasper Griffin in The New York Times Review of Books hails as ""a distinguished achievement.""If the Iliad is the world's greatest war epic, then the Odyssey is liter"	541	November 30th 2006	Odysseus, Penelope (wife of Odysseus), Helen of Troy, Achilles (Greek hero), Telemachus, Minerva, Polyphemus, Agamemnon	Ithaca	"/book/show/1381.The_Odyssey
"
Life of Pi	NaN	Yann Martel	3.91	1345390	47370	"Life of Pi is a fantasy adventure novel by Yann Martel published in 2001. The protagonist, Piscine Molitor ""Pi"" Patel, a Tamil boy from Pondicherry, explores issues of spirituality and practicality from an early age. He survives 227 days after a shipwreck while stranded on a boat in the Pacific Ocean with a Bengal tiger named Richard Parker."	460	August 29th 2006	Pi Patel, Richard Parker	Pacific Ocean, Pondicherry, Toronto, Ontario, Tomatlan	"/book/show/4214.Life_of_Pi
"
A Tale of Two Cities	NaN	Charles Dickens	3.85	812995	17625	After eighteen years as a political prisoner in the Bastille, the ageing Doctor Manette is finally released and reunited with his daughter in England. There the lives of two very different men, Charles Darnay, an exiled French aristocrat, and Sydney Carton, a disreputable but brilliant English lawyer, become enmeshed through their love for Lucie Manette. From the tranquil 	489	2003 by Penguin	Sydney Carton, Charles Darnay, Lucie Manette, Madame Therese Defarge, Dr. Alexandre Manette	Paris, London, England	"/book/show/1953.A_Tale_of_Two_Cities
"
Water for Elephants	NaN	Sara Gruen	4.09	1385414	58906	Winner of the 2007 BookBrowse Award for Most Popular Book.An atmospheric, gritty, and compelling novel of star-crossed lovers, set in the circus world circa 1932, by the bestselling author of Riding Lessons. When Jacob Jankowski, recently orphaned and suddenly adrift, jumps onto a passing train, he enters a world of freaks, drifters, and misfits, a second-rate circus strug	335	May 1st 2007	Jacob Jankowski, August (Water for Elephants), Rosie Noah, Camel, Uncle Al, Kinko/Walter, Marlena L'Arche, Rosemary (Water for Elephants)	United States of America, Joliet, Illinois, Ithaca, New York	"/book/show/43641.Water_for_Elephants
"
Lolita	NaN	Vladimir Nabokov	3.89	666318	24866	Humbert Humbert - scholar, aesthete and romantic - has fallen completely and utterly in love with Lolita Haze, his landlady's gum-snapping, silky skinned twelve-year-old daughter. Reluctantly agreeing to marry Mrs Haze just to be close to Lolita, Humbert suffers greatly in the pursuit of romance; but when Lo herself starts looking for attention elsewhere, he will carry her	331	1995 by Penguin	Humbert Humbert, Dolores “Lolita” Haze, Charlotte Haze, Clare Quilty	United States of America	"/book/show/7604.Lolita
"
Slaughterhouse-Five	NaN	Kurt Vonnegut Jr.	4.08	1134267	27113	Selected by the Modern Library as one of the 100 best novels of all time, Slaughterhouse-Five, an American classic, is one of the world's great antiwar books. Centering on the infamous firebombing of Dresden, Billy Pilgrim's odyssey through time reflects the mythic journey of our own fractured lives as we search for meaning in what we fear most.	275	January 12th 1999	Billy Pilgrim, Kilgore Trout, Eliot Rosewater, Roland Weary, Paul Lazzaro, Edgar Derby, Robert Pilgrim, Valencia Merble, Barbara Pilgrim, Howard W. Campbell Jr., Montana Wildhack, Bertam Copeland Rumfoord	Dresden, Tralfamadore, Ilium, Ardennes	"/book/show/4981.Slaughterhouse_Five
"
Frankenstein: The 1818 Text	NaN	Mary Wollstonecraft Shelley	3.81	1170758	34042	Mary Shelley's seminal novel of the scientist whose creation becomes a monsterThis edition is the original 1818 text, which preserves the hard-hitting and politically charged aspects of Shelley's original writing, as well as her unflinching wit and strong female voice. This edition also includes a new introduction and suggestions for further reading by author and Shelley e	288	March 8th 2018	Elizabeth Lavenza, William Frankenstein, Robert Walton, Henry Clerval, Alphonse Frankenstein, Caroline Beaufort Frankenstein, Ernest Frankenstein, Agatha, Felix, Justine Moritz, Victor Frankenstein, The Monster, De Lacey, Safie	Geneva, Ingolstadt, Ireland, Milano, Como, Livorno, Napoli, Lausanne, Chamounix, England, Orkney, Scotland	"/book/show/35031085-frankenstein
"
The Kite Runner	NaN	Khaled Hosseini	4.30	2437834	74058	The unforgettable, heartbreaking story of the unlikely friendship between a wealthy boy and the son of his father’s servant, The Kite Runner is a beautifully crafted novel set in a country that is in the process of being destroyed. It is about the power of reading, the price of betrayal, and the possibility of redemption; and an exploration of the power of fathers over son	371	May 2004 by	Amir, Hassan, Assef, Bába, Sohrab, Soraya, Rahim Khan	Kabul, Fremont, California, Afghanistan, Peshawar	"/book/show/77203.The_Kite_Runner
"
The Handmaid's Tale	(The Handmaid's Tale  #1)	Margaret Atwood	4.11	1470745	71263	Offred is a Handmaid in the Republic of Gilead. She may leave the home of the Commander and his wife once a day to walk to food markets whose signs are now pictures instead of words because women are no longer allowed to read. She must lie on her back once a month and pray that the Commander makes her pregnant, because in an age of declining births, Offred and the other Ha	314	April 1998 by	The Commander, Offred, Serena Joy, Ofglen, Nick, Moira, Luke Castellan	Cambridge, Massachusetts, Republic of Gilead	"/book/show/38447.The_Handmaid_s_Tale
"
The Giver	(The Giver  #1)	Lois Lowry	4.13	1796315	65506	The Giver, the 1994 Newbery Medal winner, has become one of the most influential novels of our time. The haunting story centers on twelve-year-old Jonas, who lives in a seemingly ideal, if colorless, world of conformity and contentment. Not until he is given his life assignment as the Receiver of Memory does he begin to understand the dark, complex secrets behind his fragi	208	January 24th 2006	Rosemary (Lois Lowry), Jonas (Lois Lowry), The Giver (Lois Lowry), Gabriel (Lois Lowry), Asher (Lois Lowry), Fiona (Lois Lowry), Mother (Lois Lowry), Father (Lois Lowry), The Chief Elder (Lois Lowry), Lily (Lois Lowry)	NaN	"/book/show/3636.The_Giver
"
Catch-22	(Catch-22 #1)	Joseph Heller	3.98	726039	18414	The novel is set during World War II, from 1942 to 1944. It mainly follows the life of Captain John Yossarian, a U.S. Army Air Forces B-25 bombardier. Most of the events in the book occur while the fictional 256th Squadron is based on the island of Pianosa, in the Mediterranean Sea, west of Italy. The novel looks into the experiences of Yossarian and the other airmen in th	453	September 4th 2004	Yossarian, Chaplain Tappman, Milo Minderbinder, Nately	Pianosa	"/book/show/168668.Catch_22
"
Dune	(Dune #1)	Frank Herbert	4.23	777579	24130	Set on the desert planet Arrakis, Dune is the story of the boy Paul Atreides, heir to a noble family tasked with ruling an inhospitable world where the only thing of value is the “spice” melange, a drug capable of extending life and enhancing consciousness. Coveted across the known universe, melange is a prize worth killing for...When House Atreides is betrayed, the destru	661	October 1st 2019	Stilgar, Vladimir Harkonnen, Duncan Idaho, Leto Atreides, Paul Atreides, Alia Atreides, Lady Jessica, Shaddam IV, Gurney Halleck	Arrakis, Caladan, Giedi Prime, Harko, Arrakin, Sietch Tabr	"/book/show/44767458-dune
"
The Pillars of the Earth	(Kingsbridge #1)	Ken Follett	4.32	652926	31414	Ken Follett is known worldwide as the master of split-second suspense, but his most beloved and bestselling book tells the magnificent tale of a twelfth-century monk driven to do the seemingly impossible: build the greatest Gothic cathedral the world has ever known.Everything readers expect from Follett is here: intrigue, fast-paced action, and passionate romance. But what	976	February 4th 2002	Thomas Becket, Henry II of England, Tom Builder, Prior Philip, Aliena, Jack Jackson, Stephen of England, Empress Matilda, William Hamleigh, Ellen, Richard of Kingsbridge, Alfred Builder, Waleran Bigod, Lord Percy Hamleigh, Lady Regan Hamleigh, Remigius	England	"/book/show/5043.The_Pillars_of_the_Earth
"
The Stand	NaN	Stephen King	4.34	619965	20859	This is the way the world ends: with a nanosecond of computer error in a Defense Department laboratory and a million casual contacts that form the links in a chain letter of death. And here is the bleak new world of the day after: a world stripped of its institutions and emptied of 99 percent of its people. A world in which a handful of panicky survivors choose sides -- or	1153	May 1st 1990	Stuart Redman, Glenn Bateman, Nick Andros, Tom Cullen, Nadine Cross, Fran Goldsmith, Harold Lauder, Joe/Leo Rockway, Mother Abigail Freemantle, Randall Flagg, Trashcan Man, The Anti-Christ, Judge Farris, Larry Underwood, General William Starkey, Major Len Creighton, The Rat Man, Captain Trips, Charles D. Campion, Lucy Swann, Lloyd Henreid, Julie Lawry, Ralph Brentner, Dayna Jurgens, United States Military, American Law Enforcement, Kojak	United States of America, New York City, New York, Boulder, Colorado, Las Vegas, Nevada, Arnett, Texas, Pennsylvania, Arkansas, Arizona, Nevada, Idaho, Boulder, Colorado	"/book/show/149267.The_Stand
"
The Adventures of Sherlock Holmes	(Sherlock Holmes #3)	Arthur Conan Doyle	4.30	244799	6822	The Adventures of Sherlock Holmes is the series of short stories that made the fortunes of the Strand magazine, in which they were first published, and won immense popularity for Sherlock Holmes and Dr Watson. The detective is at the height of his powers and the volume is full of famous cases, including 'The Red-Headed League', 'The Blue Carbuncle', and 'The Speckled Band'	389	October 22nd 1998	Inspector Lestrade, Irene Adler, Sherlock Holmes, Dr. John Watson	NaN	"/book/show/3590.The_Adventures_of_Sherlock_Holmes
"
Watership Down	(Watership Down #1)	Richard  Adams	4.06	435982	13834	Librarian's note: See alternate cover edition of ISBN13 9780380395866 here.Set in England's Downs, a once idyllic rural landscape, this stirring tale of adventure, courage and survival follows a band of very special creatures on their flight from the intrusion of man and the certain destruction of their home. Led by a stouthearted pair of friends, they journey forth from t	478	June 1975 by	Bigwig, Fiver, El-Ahrairah, Hazel, Pipkin, Blackberry, Dandelion, Hyzenthlay, Frith, Silver (Watership Down), Kehaar, General Woundwort	Watership Down, Hampshire	"/book/show/76620.Watership_Down
"
Great Expectations	NaN	Charles Dickens	3.78	654682	16160	"'In what may be Dickens's best novel, humble, orphaned Pip is apprenticed to the dirty work of the forge but dares to dream of becoming a gentleman — and one day, under sudden and enigmatic circumstances, he finds himself in possession of ""great expectations."" In this gripping tale of crime and guilt, revenge and reward, the compelling characters include Magwitch, the fear"	505	1998 by Oxford	"Miss Havisham, Philip ""Pip"" Pirrip, Joseph ""Joe"" Gargery, Abel Magwitch, Herbert Pocket, John Wemmick, Dolge Orlick, Jaggers, Estella, Compeyson"	NaN	"/book/show/2623.Great_Expectations
"
Little Women	(Little Women #1)	Louisa May Alcott	4.09	1690528	31264	Generations of readers young and old, male and female, have fallen in love with the March sisters of Louisa May Alcott’s most popular and enduring novel, Little Women. Here are talented tomboy and author-to-be Jo, tragically frail Beth, beautiful Meg, and romantic, spoiled Amy, united in their devotion to each other and their struggles to survive in New England during the 	449	April 6th 2004	Marmee, Meg March, Beth March, Amy March, Laurie Laurence, Mr. Laurence, Professor Bhaer, Mr. March, Hannah Brown, Aunt March, John Brooke, Jo March	Concord, Massachusetts, Massachusetts, London, England, New England	"/book/show/1934.Little_Women
"
Harry Potter and the Deathly Hallows	(Harry Potter #7)	J.K. Rowling	4.62	2825653	65828	Harry Potter is leaving Privet Drive for the last time. But as he climbs into the sidecar of Hagrid’s motorbike and they take to the skies, he knows Lord Voldemort and the Death Eaters will not be far behind.The protective charm that has kept him safe until now is broken. But the Dark Lord is breathing fear into everything he loves. And he knows he can’t keep hiding.To sto	759	July 21st 2007	Sirius Black, Draco Malfoy, Ron Weasley, Petunia Dursley, Vernon Dursley, Dudley Dursley, Severus Snape, Rubeus Hagrid, Lord Voldemort, Minerva McGonagall, Neville Longbottom, Fred Weasley, George Weasley, Percy Weasley, Ginny Weasley, Colin Creevey, Filius Flitwick, Lucius Malfoy, Pomona Sprout, Arthur Weasley, Molly Weasley, Cho Chang, Remus Lupin, Sybil Trelawney, Peter Pettigrew, Oliver Wood, Fleur Delacour, Viktor Krum, Bellatrix Lestrange, Alastor Moody, Bill Weasley, Luna Lovegood, Nymphadora Tonks, Dolores Umbridge, Dobby, Kingsley Shacklebolt, Padma Patil, Parvati Patil, Kreacher, Narcissa Malfoy, Horace Slughorn, Rufus Scrimgeour, Dean Thomas, Aberforth Dumbledore, James Potter, Lily Potter, Xenophilius Lovegood, Seamus Finnigan, Garrick Ollivander, Katie Bell, Griphook, James Sirius Potter, Teddy Lupin, Hugo Weasley, Albus Dumbledore, Lily Luna Potter, Albus Severus Potter, Rose Weasley, Harry Potter, Hermione Granger, Lavender Brown	London, England, Hogwarts School of Witchcraft and Wizardry, Pagford	"/book/show/136251.Harry_Potter_and_the_Deathly_Hallows
"
The Bell Jar	NaN	Sylvia Plath	4.01	595140	23319	The Bell Jar chronicles the crack-up of Esther Greenwood: brilliant, beautiful, enormously talented, and successful, but slowly going under—maybe for the last time. Sylvia Plath masterfully draws the reader into Esther's breakdown with such intensity that Esther's insanity becomes completely real and even rational, as probable and accessible an experience as going to the m	294	2006 by Harper	Constantin, Esther Greenwood, Valerie, Marco, Mrs. Greenwood, Buddy Willard, Doctor Nolan, Joan Gilling, Jay Cee, Betsy, Irwin, Doctor Gordon, Philomena Guinea, Mrs. Willard, Lenny Shepherd, Dodo Conway, Eric, Doreen	Boston, Massachusetts, New York City, New York	"/book/show/6514.The_Bell_Jar
"
One Flew Over the Cuckoo's Nest	NaN	Ken Kesey	4.19	633677	11132	Tyrannical Nurse Ratched rules her ward in an Oregon State mental hospital with a strict and unbending routine, unopposed by her patients, who remain cowed by mind-numbing medication and the threat of electric shock therapy. But her regime is disrupted by the arrival of McMurphy – the swaggering, fun-loving trickster with a devilish grin who resolves to oppose her rules on	325	February 1st 1963	"Chief Bromden, Randle Patrick McMurphy, Nurse Ratched, William ""Billy"" Bibbit, Charles Cheswick, Dale Harding, Doctor Spivey, Bruce Fredrickson, James ""Jim"" Sefelt, Scanlon, Martini"	Oregon, United States of America, Salem, Oregon	"/book/show/332613.One_Flew_Over_the_Cuckoo_s_Nest
"
Anna Karenina	NaN	Leo Tolstoy	4.05	665028	23699	Acclaimed by many as the world's greatest novel, Anna Karenina provides a vast panorama of contemporary life in Russia and of humanity in general. In it Tolstoy uses his intense imaginative insight to create some of the most memorable characters in all of literature. Anna is a sophisticated woman who abandons her empty existence as the wife of Karenin and turns to Count Vr	964	October 16th 2012	"Princess Ekaterina ""Kitty"" Aleksandrovna Shcherbatskaya, Anna Arkadyevna Karenina, Count Aleksei Kirillovich Vronsky, Konstantin ""Kostya"" Dmitrievitch Levin, Prince Stepan ""Stiva"" Arkadyevitch Oblonsky"	Russia	"/book/show/15823480-anna-karenina
"
Matilda	NaN	Roald Dahl	4.32	653528	16709	Matilda is a little girl who is far too good to be true. At age five-and-a-half she's knocking off double-digit multiplication problems and blitz-reading Dickens. Even more remarkably, her classmates love her even though she's a super-nerd and the teacher's pet. But everything is not perfect in Matilda's world. For starters she has two of the most idiotic, self-centered pa	240	June 1st 1998	Matilda Wormwood, Miss Honey, Miss Trunchbull	United Kingdom	"/book/show/39988.Matilda
"
Outlander	(Outlander #1)	Diana Gabaldon	4.23	829885	45659	The year is 1945. Claire Randall, a former combat nurse, is just back from the war and reunited with her husband on a second honeymoon when she walks through a standing stone in one of the ancient circles that dot the British Isles. Suddenly she is a Sassenach—an “outlander”—in a Scotland torn by war and raiding border clans in the year of Our Lord...1743. Hurled back in t	850	July 26th 2005	Jamie Fraser, Ian Murray, Claire Randall Fraser, Jonathan Randall, Dougal MacKenzie, Colum MacKenzie, Geillis Duncan, Jenny Murray, Frank Randall, Laoghaire MacKenzie, Murtagh Fraser	Lallybroch, Scotland, Scottish Highlands, Inverness, Scotland, Scotland	"/book/show/10964.Outlander
"
My Sister's Keeper	NaN	Jodi Picoult	4.08	1060140	33536	Anna is not sick, but she might as well be. By age thirteen, she has undergone countless surgeries, transfusions, and shots so that her older sister, Kate, can somehow fight the leukemia that has plagued her since childhood. The product of preimplantation genetic diagnosis, Anna was conceived as a bone marrow match for Kate—a life and a role that she has never challenged..	423	February 1st 2005	Anna Fitzgerald, Sara Fitzgerald, Kate Fitzgerald, Brian Fitzgerald, Jesse Fitzgerald, Campbell Alexander, Julia Romana	United States of America, Providence, Rhode Island, Rhode Island	"/book/show/10917.My_Sister_s_Keeper
"
The Girl with the Dragon Tattoo	(Millennium #1)	Stieg Larsson	4.14	2619795	68864	Harriet Vanger, a scion of one of Sweden’s wealthiest families disappeared over forty years ago. All these years later, her aged uncle continues to seek the truth. He hires Mikael Blomkvist, a crusading journalist recently trapped by a libel conviction, to investigate. He is aided by the pierced and tattooed punk prodigy Lisbeth Salander. Together they tap into a vein of u	465	September 16th 2008	Lisbeth Salander, Mikael Blomkvist, Erika Berger, Dragan Armansky, Henrik Vanger, Martin Vanger, Cecilia Vanger, Hans-Erik Wennerström, Harriet Vanger, Holger Palmgren, Nils Bjurman, Anita Vanger, Birger Vanger, Dirch Frode, Christer Malm, Gustaf Morell, Isabella Vanger, Gottfried Vanger, Jan Köbin	Stockholm, Hedeby Island, Hedestad, Stockholm	"/book/show/2429135.The_Girl_with_the_Dragon_Tattoo
"
Rebecca	NaN	Daphne du Maurier	4.23	457623	24491	Last night I dreamt I went to Manderley again . . .The novel begins in Monte Carlo, where our heroine is swept off her feet by the dashing widower Maxim de Winter and his sudden proposal of marriage. Orphaned and working as a lady's maid, she can barely believe her luck. It is only when they arrive at his massive country estate that she realizes how large a shadow his late	449	December 17th 2013	Maxim de Winter, Mrs. Danvers, the second Mrs. de Winter, Rebecca de Winter, Frank Crowley, Jack Favell, Beatrice Lacy, Giles Lacy	Monte Carlo, Cornwall, England	"/book/show/17899948-rebecca
"
1984	NaN	George Orwell	4.19	3163894	70758	Among the seminal texts of the 20th century, Nineteen Eighty-Four is a rare work that grows more haunting as its futuristic purgatory becomes more real. Published in 1949, the book offers political satirist George Orwell's nightmarish vision of a totalitarian, bureaucratic world and one poor stiff's attempt to find individuality. The brilliance of the novel is Orwell's pre	237	September 3rd 2013	Winston Smith, Big Brother, O'Brien, Emmanuel Goldstein, Tom Parsons, Syme, Julia, Mr. Charrington	London, England, England, United Kingdom	"/book/show/40961427-1984
"
The Color Purple	(The Color Purple Collection #1)	Alice Walker	4.22	524170	15503	Winner of the Pulitzer Prize and the National Book Award. Alice Walker's iconic modern classic is now a Penguin Book.A powerful cultural touchstone of modern American literature, The Color Purple depicts the lives of African American women in early twentieth-century rural Georgia. Separated as girls, sisters Celie and Nettie sustain their loyalty to and hope in each other 	304	December 10th 2019	Nettie, Albert, Celie, Shug Avery, Miss Millie	Georgia	"/book/show/52892857-the-color-purple
"
A Tree Grows in Brooklyn	NaN	Betty  Smith	4.27	390017	20801	The beloved American classic about a young girl's coming-of-age at the turn of the century, Betty Smith's A Tree Grows in Brooklyn is a poignant and moving tale filled with compassion and cruelty, laughter and heartache, crowded with life and people and incident. The story of young, sensitive, and idealistic Francie Nolan and her bittersweet formative years in the slums of	496	May 30th 2006	"Francie Nolan, Neeley Nolan, Katie Nolan, Johnny Nolan, Mary Rommely, Sissy Rommely, Eva ""Evy"" Rommely Flittman, Thomas Rommely, Sergeant McShane"	Williamsburg, Brooklyn, New York, New York City, New York, United States of America, New York State	"/book/show/14891.A_Tree_Grows_in_Brooklyn
"
A Clockwork Orange	NaN	Anthony Burgess	3.99	603953	13916	In Anthony Burgess's influential nightmare vision of the future, criminals take over after dark. Teen gang leader Alex narrates in fantastically inventive slang that echoes the violent intensity of youth rebelling against society. Dazzling and transgressive, A Clockwork Orange is a frightening fable about good and evil and the meaning of human freedom. This edition include	240	May 21st 2019	Pete, Alex Jacobi, Georgie, Dim	England	"/book/show/41817486-a-clockwork-orange
"
The Road	NaN	Cormac McCarthy	3.97	720020	45906	A searing, postapocalyptic novel destined to become Cormac McCarthy’s masterpiece.A father and his son walk alone through burned America. Nothing moves in the ravaged landscape save the ash on the wind. It is cold enough to crack stones, and when the snow falls it is gray. The sky is dark. Their destination is the coast, although they don’t know what, if anything, awaits t	241	October 2nd 2006	The man, The boy	United States of America	"/book/show/6288.The_Road
"
The Brothers Karamazov	(The Brothers Karamazov #1-4)	Fyodor Dostoyevsky	4.32	244960	11271	The Brothers Karamazov is a murder mystery, a courtroom drama, and an exploration of erotic rivalry in a series of triangular love affairs involving the “wicked and sentimental” Fyodor Pavlovich Karamazov and his three sons―the impulsive and sensual Dmitri; the coldly rational Ivan; and the healthy, red-cheeked young novice Alyosha. Through the gripping events of their sto	796	June 14th 2002	Dmitri Fyodorovich Karamazov, Ivan Fyodorovich Karamazov, Alexei Fyodorovich Karamazov, Pavel Smerdyakov, Agrafena Alexandrovna Svetlova, Katerina Ivanovna Verkhovtseva, Fyodor Pavlovich Karamazov, Father Zosima, the Elder, Ilyusha, Nikolai Krassotkin	Russia	"/book/show/4934.The_Brothers_Karamazov
"
Angela's Ashes	(Frank McCourt #1)	Frank McCourt	4.11	542352	11983	"Imbued on every page with Frank McCourt's astounding humor and compassion. This is a glorious book that bears all the marks of a classic.""When I look back on my childhood I wonder how I managed to survive at all. It was, of course, a miserable childhood: the happy childhood is hardly worth your while. Worse than the ordinary miserable childhood is the miserable Irish child"	452	October 3rd 2005	Frank McCourt	Limerick, New York State, Ireland	"/book/show/252577.Angela_s_Ashes
"
Vampire Academy	(Vampire Academy #1)	Richelle Mead	4.12	552521	22267	ONLY A TRUE BEST FRIEND CAN PROTECT YOU FROM YOUR IMMORTAL ENEMIES...Lissa Dragomir is a Moroi princess: a mortal vampire with a rare gift for harnessing the earth's magic. She must be protected at all times from Strigoi; the fiercest vampires - the ones who never die. The powerful blend of human and vampire blood that flows through Rose Hathaway, Lissa's best friend, make	332	August 16th 2007	"Vasilisa ""Lissa"" Dragomir, Dimitri Belikov, Christian Ozera, Mason Ashford, Victor Dashkov, Mia Rinaldi, Janine Hathaway, Natalie Dashkov, Edison ""Eddie"" Castile, Ellen Kirova, Rosemarie ""Rose"" Hathaway, Camille Conta, Stan Alto, Jesse Zeklos, Tatiana Ivashkov"	Montana	"/book/show/345627.Vampire_Academy
"
Siddhartha	NaN	Hermann Hesse	4.03	586595	17638	Herman Hesse's classic novel has delighted, inspired, and influenced generations of readers, writers, and thinkers. In this story of a wealthy Indian Brahmin who casts off a life of privilege to seek spiritual fulfillment. Hesse synthesizes disparate philosophies--Eastern religions, Jungian archetypes, Western individualism--into a unique vision of life as expressed throug	152	December 1st 1981	Siddhartha, Govinda, Gotama, Kamala, Vasudeva	India	"/book/show/52036.Siddhartha
"
The Poisonwood Bible	NaN	Barbara Kingsolver	4.07	660599	23341	The Poisonwood Bible is a story told by the wife and four daughters of Nathan Price, a fierce, evangelical Baptist who takes his family and mission to the Belgian Congo in 1959. They carry with them everything they believe they will need from home, but soon find that all of it -- from garden seeds to Scripture -- is calamitously transformed on African soil. What follows is	546	July 5th 2005	Orleanna Price, Ruth May Price, Rachel Rebeccah Price, Leah Price, Nathan Price, Dr Bud Wharton, Adah Price, Reverend & Mrs. Underdown	Bethlehem, Georgia, Kilanga, Sanderling Island, Georgia, Leopoldville	"/book/show/7244.The_Poisonwood_Bible
"
The Golden Compass	(His Dark Materials #1)	Philip Pullman	3.99	1291137	22297	Lyra is rushing to the cold, far North, where witch clans and armored bears rule. North, where the Gobblers take the children they steal--including her friend Roger. North, where her fearsome uncle Asriel is trying to build a bridge to a parallel world.Can one small girl make a difference in such great and terrible endeavors? This is Lyra: a savage, a schemer, a liar, and 	399	April 16th 1996	Lyra Belacqua, Pantalaimon, Lord Asriel, Iorek Byrnison, Iofur Raknison, Marisa Coulter, Lee Scoresby, Roger Parslow, Serafina Pekkala, Hester, Farder Coram, John Faa, Billy Costa	Oxford, England	"/book/show/119322.The_Golden_Compass
"
Don Quixote	NaN	Miguel de Cervantes Saavedra	3.88	211219	8157	Don Quixote has become so entranced by reading chivalric romances that he determines to become a knight-errant himself. In the company of his faithful squire, Sancho Panza, his exploits blossom in all sorts of wonderful ways. While Quixote's fancy often leads him astray—he tilts at windmills, imagining them to be giants—Sancho acquires cunning and a certain sagacity. Sane 	1023	February 25th 2003	Sancho Panza, Don Quijote de la Mancha	La Mancha, Barcelona, Catalonia, Spain	"/book/show/3836.Don_Quixote
"
Harry Potter and the Prisoner of Azkaban	(Harry Potter #3)	J.K. Rowling	4.57	2828290	55878	Harry Potter's third year at Hogwarts is full of new dangers. A convicted murderer, Sirius Black, has broken out of Azkaban prison, and it seems he's after Harry. Now Hogwarts is being patrolled by the dementors, the Azkaban guards who are hunting Sirius. But Harry can't imagine that Sirius or, for that matter, the evil Lord Voldemort could be more frightening than the dem	435	May 1st 2004	Sirius Black, Draco Malfoy, Ron Weasley, Petunia Dursley, Vernon Dursley, Dudley Dursley, Severus Snape, Rubeus Hagrid, Minerva McGonagall, Neville Longbottom, Fred Weasley, George Weasley, Percy Weasley, Ginny Weasley, Colin Creevey, Filius Flitwick, Pomona Sprout, Arthur Weasley, Molly Weasley, Cho Chang, Marjorie Dursley, Cornelius Fudge, Remus Lupin, Sybil Trelawney, Peter Pettigrew, Poppy Pomfrey, Stan Shunpike, Oliver Wood, Cedric Diggory, Dean Thomas, Seamus Finnigan, Rolanda Hooch, Katie Bell, Ernie Prang, Albus Dumbledore, Harry Potter, Hermione Granger	Hogwarts School of Witchcraft and Wizardry, London, England	"/book/show/5.Harry_Potter_and_the_Prisoner_of_Azkaban
"
The Fellowship of the Ring	(The Lord of the Rings #1)	J.R.R. Tolkien	4.36	2366228	22961	One Ring to rule them all, One Ring to find them, One Ring to bring them all and in the darkeness bind themIn ancient times the Rings of Power were crafted by the Elven-smiths, and Sauron, The Dark Lord, forged the One Ring, filling it with his own power so that he could rule all others. But the One Ring was taken from him, and though he sought it throughout Middle-earth, 	527	March 1973 by	Frodo Baggins, Meriadoc Brandybuck, Peregrin Took, Gandalf, Aragorn, Gimli, Boromir, Bilbo Baggins, Tom Bombadil, Rúmil, Saruman, Elrond Half-elven, Arwen Undómiel, Galadriel, Gollum, Goldberry, Legolas, Sam Gamgee	Middle-earth	"/book/show/3263607-the-fellowship-of-the-ring
"
Atlas Shrugged	NaN	Ayn Rand	3.69	354983	17412	This is the story of a man who said that he would stop the motor of the world and did. Was he a destroyer or the greatest of liberators?Why did he have to fight his battle, not against his enemies, but against those who needed him most, and his hardest battle against the woman he loved? What is the world’s motor — and the motive power of every man? You will know the answer	1168	August 1st 1999	Prometheus (mythology), Atlas, Dagny Taggart, John Galt, Hank Rearden, Francisco d'Anconia, James Taggart	NaN	"/book/show/662.Atlas_Shrugged
"
The Old Man and the Sea	NaN	Ernest Hemingway	3.78	836337	25429	Librarian's note: An alternate cover edition can be found hereThis short novel, already a modern classic, is the superbly told, tragic story of a Cuban fisherman in the Gulf Stream and the giant Marlin he kills and loses — specifically referred to in the citation accompanying the author's Nobel Prize for literature in 1954.	96	1996 by Scribner	Santiago, Manolin	Cuba	"/book/show/2165.The_Old_Man_and_the_Sea
"
The Notebook	(The Notebook #1)	Nicholas Sparks	4.11	1336687	20078	Set amid the austere beauty of the North Carolina coast begins the story of Noah Calhoun, a rural Southerner recently returned from the Second World War. Noah is restoring a plantation home to its former glory, and he is haunted by images of the beautiful girl he met fourteen years earlier, a girl he loved like no other. Unable to find her, yet unwilling to forget the summ	227	January 5th 2000	Noah Taylor Calhoun, Allison Nelson, Lon Hammond Jr, Anne Nelson	New Bern, North Carolina, North Carolina	"/book/show/33648131-the-notebook
"
Winnie-the-Pooh	(Winnie-the-Pooh #1)	A.A. Milne	4.34	272201	4835	The adventures of Christopher Robin and his friends in which Pooh Bear uses a balloon to get honey, Piglet meets a Heffalump, and Eeyore has a birthday.	145	October 1st 2001	Winnie the Pooh (A.A. Milne), Christopher Robin (A.A. Milne), Piglet (A.A. Milne), Owl (A.A. Milne), Kanga (A.A. Milne), Roo (A.A. Milne), Eeyore (A.A. Milne), Rabbit (A.A. Milne)	Hundred Acre Wood	"/book/show/99107.Winnie_the_Pooh
"
The Complete Stories and Poems	NaN	Edgar Allan Poe	4.38	221648	2248	This single volume brings together all of Poe's stories and poems, and illuminates the diverse and multifaceted genius of one of the greatest and most influential figures in American literary history.	821	August 15th 1984	NaN	United States of America	"/book/show/23919.The_Complete_Stories_and_Poems
"
Interview with the Vampire	(The Vampire Chronicles #1)	Anne Rice	4.00	487520	10409	This is the story of Louis, as told in his own words, of his journey through mortal and immortal life. Louis recounts how he became a vampire at the hands of the radiant and sinister Lestat and how he became indoctrinated, unwillingly, into the vampire way of life. His story ebbs and flows through the streets of New Orleans, defining crucial moments such as his discovery o	342	August 31st 2004	Lestat de Lioncourt, Claudia, Daniel Molloy, Louis de Pointe du Lac	New Orleans, Louisiana, Paris	"/book/show/43763.Interview_with_the_Vampire
"
A Prayer for Owen Meany	NaN	John Irving	4.23	286630	13844	Eleven-year-old Owen Meany, playing in a Little League baseball game in Gravesend, New Hampshire, hits a foul ball and kills his best friend's mother. Owen doesn't believe in accidents; he believes he is God's instrument. What happens to Owen after that 1953 foul is both extraordinary and terrifying. At moments a comic, self-deluded victim, but in the end the principal, tr	637	1990 by Black	Owen Meany, John Wheelwright	Gravesend, New Hampshire, Toronto, Ontario	"/book/show/4473.A_Prayer_for_Owen_Meany
"
